mes,sucursal_sintetica,indice_mes,escala_sucursal_simulada,presupuesto_marketing_plan_UM,indice_precio_plan,indice_competencia_escenario,indice_macro_escenario,estacionalidad_seno,estacionalidad_coseno,ingresos_mes_anterior_UM,ingresos_mensuales_UM,origen
2024-01-01,S01,0,1.2144,2218.1425,100.6638,97.1234,100.8785,0.0000,1.0000,48089.1957,53114.3705,simulado; ancla agregada de gasto historico sin periodo conocido
2024-01-01,S02,0,1.0133,2156.8590,102.2006,99.5364,99.5717,0.0000,1.0000,40127.7517,46616.0120,simulado; ancla agregada de gasto historico sin periodo conocido
2024-01-01,S03,0,1.2652,2512.9771,100.7429,101.2925,102.1416,0.0000,1.0000,50100.2866,54359.4633,simulado; ancla agregada de gasto historico sin periodo conocido
2024-01-01,S04,0,1.1684,2205.1804,101.1088,103.3869,99.8861,0.0000,1.0000,46269.4644,48689.8081,simulado; ancla agregada de gasto historico sin periodo conocido
2024-01-01,S05,0,0.8065,2346.3836,101.3379,101.6295,99.3345,0.0000,1.0000,31937.6538,37234.1821,simulado; ancla agregada de gasto historico sin periodo conocido
2024-01-01,S06,0,1.3354,2515.7982,101.5686,100.6708,100.6789,0.0000,1.0000,52880.7871,75107.7717,simulado; ancla agregada de gasto historico sin periodo conocido
2024-01-01,S07,0,1.2067,2082.7676,99.4246,98.5889,99.3611,0.0000,1.0000,47784.6793,56144.6041,simulado; ancla agregada de gasto historico sin periodo conocido
2024-01-01,S08,0,1.2216,2220.3364,101.7429,94.9514,99.6651,0.0000,1.0000,48376.8879,55749.0979,simulado; ancla agregada de gasto historico sin periodo conocido
2024-01-01,S09,0,0.8269,2369.9039,101.4280,98.9538,99.5376,0.0000,1.0000,32743.9799,37764.3056,simulado; ancla agregada de gasto historico sin periodo conocido
2024-01-01,S10,0,1.0202,2029.4648,97.9601,97.2416,100.4972,0.0000,1.0000,40401.1699,46696.9982,simulado; ancla agregada de gasto historico sin periodo conocido
2024-01-01,S11,0,0.9725,2192.2438,100.2854,101.8768,99.6907,0.0000,1.0000,38510.1611,41371.2315,simulado; ancla agregada de gasto historico sin periodo conocido
2024-01-01,S12,0,1.3061,2373.1577,99.3129,96.4125,100.4870,0.0000,1.0000,51719.9361,57346.0873,simulado; ancla agregada de gasto historico sin periodo conocido
2024-01-01,S13,0,1.1363,2473.9238,100.8038,101.9962,99.9015,0.0000,1.0000,44998.2353,49943.3001,simulado; ancla agregada de gasto historico sin periodo conocido
2024-01-01,S14,0,1.2437,2050.6149,97.3952,96.0319,99.0028,0.0000,1.0000,49248.8159,51524.6716,simulado; ancla agregada de gasto historico sin periodo conocido
2024-01-01,S15,0,1.0160,2224.8285,102.3386,98.9312,100.7375,0.0000,1.0000,40235.5214,45243.2503,simulado; ancla agregada de gasto historico sin periodo conocido
2024-02-01,S01,1,1.2144,2388.1820,99.4897,102.5609,98.4727,0.5000,0.8660,53114.3705,56156.4883,simulado; ancla agregada de gasto historico sin periodo conocido
2024-02-01,S02,1,1.0133,2365.9505,97.4971,100.2564,99.6705,0.5000,0.8660,46616.0120,48160.7991,simulado; ancla agregada de gasto historico sin periodo conocido
2024-02-01,S03,1,1.2652,2974.9707,99.6692,96.9695,100.3793,0.5000,0.8660,54359.4633,62915.5868,simulado; ancla agregada de gasto historico sin periodo conocido
2024-02-01,S04,1,1.1684,2757.9349,100.7424,104.4299,99.0112,0.5000,0.8660,48689.8081,51252.6132,simulado; ancla agregada de gasto historico sin periodo conocido
2024-02-01,S05,1,0.8065,2307.4950,97.6220,101.9455,99.9778,0.5000,0.8660,37234.1821,36629.7987,simulado; ancla agregada de gasto historico sin periodo conocido
2024-02-01,S06,1,1.3354,2726.6598,101.6086,106.0302,103.1139,0.5000,0.8660,75107.7717,64543.2774,simulado; ancla agregada de gasto historico sin periodo conocido
2024-02-01,S07,1,1.2067,2124.2917,100.5819,97.6012,99.7846,0.5000,0.8660,56144.6041,56610.6718,simulado; ancla agregada de gasto historico sin periodo conocido
2024-02-01,S08,1,1.2216,2835.3349,100.3827,99.5641,99.1643,0.5000,0.8660,55749.0979,56947.6422,simulado; ancla agregada de gasto historico sin periodo conocido
2024-02-01,S09,1,0.8269,2391.6019,103.2823,100.4308,101.1827,0.5000,0.8660,37764.3056,38499.5095,simulado; ancla agregada de gasto historico sin periodo conocido
2024-02-01,S10,1,1.0202,2287.7901,98.7946,106.4254,99.3786,0.5000,0.8660,46696.9982,45176.8488,simulado; ancla agregada de gasto historico sin periodo conocido
2024-02-01,S11,1,0.9725,2681.1855,100.7929,99.5701,100.1592,0.5000,0.8660,41371.2315,47763.7517,simulado; ancla agregada de gasto historico sin periodo conocido
2024-02-01,S12,1,1.3061,2542.9331,97.8939,96.2062,100.3726,0.5000,0.8660,57346.0873,60969.3602,simulado; ancla agregada de gasto historico sin periodo conocido
2024-02-01,S13,1,1.1363,2532.0591,100.6145,103.9580,100.4194,0.5000,0.8660,49943.3001,55657.2472,simulado; ancla agregada de gasto historico sin periodo conocido
2024-02-01,S14,1,1.2437,2706.1549,102.8644,100.5897,98.9755,0.5000,0.8660,51524.6716,61531.1504,simulado; ancla agregada de gasto historico sin periodo conocido
2024-02-01,S15,1,1.0160,2877.2307,99.7769,98.8904,101.6614,0.5000,0.8660,45243.2503,53036.7515,simulado; ancla agregada de gasto historico sin periodo conocido
2024-03-01,S01,2,1.2144,2543.4558,101.3580,98.8962,100.3949,0.8660,0.5000,56156.4883,59648.3097,simulado; ancla agregada de gasto historico sin periodo conocido
2024-03-01,S02,2,1.0133,2949.4184,100.3631,102.0118,98.3498,0.8660,0.5000,48160.7991,48538.1641,simulado; ancla agregada de gasto historico sin periodo conocido
2024-03-01,S03,2,1.2652,2497.5494,98.6193,99.0776,101.3159,0.8660,0.5000,62915.5868,61942.4583,simulado; ancla agregada de gasto historico sin periodo conocido
2024-03-01,S04,2,1.1684,2610.8020,99.6102,103.0883,100.9381,0.8660,0.5000,51252.6132,54770.5900,simulado; ancla agregada de gasto historico sin periodo conocido
2024-03-01,S05,2,0.8065,2383.2547,99.7971,100.8075,100.5766,0.8660,0.5000,36629.7987,40744.1154,simulado; ancla agregada de gasto historico sin periodo conocido
2024-03-01,S06,2,1.3354,2851.0058,104.7315,105.7105,99.5468,0.8660,0.5000,64543.2774,61243.2186,simulado; ancla agregada de gasto historico sin periodo conocido
2024-03-01,S07,2,1.2067,2606.4953,100.7681,103.6976,99.6709,0.8660,0.5000,56610.6718,52574.0957,simulado; ancla agregada de gasto historico sin periodo conocido
2024-03-01,S08,2,1.2216,2708.1417,98.2877,98.4917,99.5231,0.8660,0.5000,56947.6422,54574.2657,simulado; ancla agregada de gasto historico sin periodo conocido
2024-03-01,S09,2,0.8269,2223.7930,104.0326,96.2177,99.3032,0.8660,0.5000,38499.5095,50020.1211,simulado; ancla agregada de gasto historico sin periodo conocido
2024-03-01,S10,2,1.0202,2385.4800,99.5372,101.1047,102.1287,0.8660,0.5000,45176.8488,48540.7770,simulado; ancla agregada de gasto historico sin periodo conocido
2024-03-01,S11,2,0.9725,2790.3626,100.9826,98.9515,100.2662,0.8660,0.5000,47763.7517,49302.8382,simulado; ancla agregada de gasto historico sin periodo conocido
2024-03-01,S12,2,1.3061,2727.5331,100.6179,98.4140,100.8715,0.8660,0.5000,60969.3602,63576.5427,simulado; ancla agregada de gasto historico sin periodo conocido
2024-03-01,S13,2,1.1363,2778.6548,100.2957,100.0803,99.6784,0.8660,0.5000,55657.2472,56283.9481,simulado; ancla agregada de gasto historico sin periodo conocido
2024-03-01,S14,2,1.2437,3215.4344,103.0320,101.2375,99.6369,0.8660,0.5000,61531.1504,63156.4374,simulado; ancla agregada de gasto historico sin periodo conocido
2024-03-01,S15,2,1.0160,2396.4026,102.3441,100.8682,100.8801,0.8660,0.5000,53036.7515,54411.8162,simulado; ancla agregada de gasto historico sin periodo conocido
2024-04-01,S01,3,1.2144,2902.1593,98.3012,98.7054,100.8637,1.0000,0.0000,59648.3097,59606.9484,simulado; ancla agregada de gasto historico sin periodo conocido
2024-04-01,S02,3,1.0133,2678.8961,99.8464,100.5777,102.0715,1.0000,0.0000,48538.1641,50336.6243,simulado; ancla agregada de gasto historico sin periodo conocido
2024-04-01,S03,3,1.2652,2866.4121,100.8328,99.0043,98.8433,1.0000,0.0000,61942.4583,66947.3037,simulado; ancla agregada de gasto historico sin periodo conocido
2024-04-01,S04,3,1.1684,2441.7609,101.8549,99.1344,100.5387,1.0000,0.0000,54770.5900,56350.9498,simulado; ancla agregada de gasto historico sin periodo conocido
2024-04-01,S05,3,0.8065,2884.2630,101.3488,105.3169,101.7774,1.0000,0.0000,40744.1154,47021.1839,simulado; ancla agregada de gasto historico sin periodo conocido
2024-04-01,S06,3,1.3354,2959.2652,101.7904,99.2303,100.6665,1.0000,0.0000,61243.2186,67276.4392,simulado; ancla agregada de gasto historico sin periodo conocido
2024-04-01,S07,3,1.2067,2539.1151,101.7082,99.5480,101.7712,1.0000,0.0000,52574.0957,62265.6329,simulado; ancla agregada de gasto historico sin periodo conocido
2024-04-01,S08,3,1.2216,2966.5897,97.4703,99.9191,99.4280,1.0000,0.0000,54574.2657,62271.4859,simulado; ancla agregada de gasto historico sin periodo conocido
2024-04-01,S09,3,0.8269,2748.6915,99.0419,97.0788,100.6328,1.0000,0.0000,50020.1211,45063.5182,simulado; ancla agregada de gasto historico sin periodo conocido
2024-04-01,S10,3,1.0202,2773.7579,102.3796,101.9463,98.3087,1.0000,0.0000,48540.7770,51360.8471,simulado; ancla agregada de gasto historico sin periodo conocido
2024-04-01,S11,3,0.9725,2772.2953,103.2092,93.9303,100.0089,1.0000,0.0000,49302.8382,47743.7013,simulado; ancla agregada de gasto historico sin periodo conocido
2024-04-01,S12,3,1.3061,3172.7383,100.9630,102.6598,100.0291,1.0000,0.0000,63576.5427,67102.2708,simulado; ancla agregada de gasto historico sin periodo conocido
2024-04-01,S13,3,1.1363,2814.3927,100.7219,100.9310,99.7367,1.0000,0.0000,56283.9481,56564.6346,simulado; ancla agregada de gasto historico sin periodo conocido
2024-04-01,S14,3,1.2437,2901.1751,102.0997,96.9444,100.4750,1.0000,0.0000,63156.4374,61372.4023,simulado; ancla agregada de gasto historico sin periodo conocido
2024-04-01,S15,3,1.0160,2522.1293,100.6642,102.6532,100.6114,1.0000,0.0000,54411.8162,54475.5037,simulado; ancla agregada de gasto historico sin periodo conocido
2024-05-01,S01,4,1.2144,2955.4961,101.3974,107.1430,100.5948,0.8660,-0.5000,59606.9484,63264.3889,simulado; ancla agregada de gasto historico sin periodo conocido
2024-05-01,S02,4,1.0133,2569.0785,100.5942,104.0887,99.1977,0.8660,-0.5000,50336.6243,46162.4831,simulado; ancla agregada de gasto historico sin periodo conocido
2024-05-01,S03,4,1.2652,2620.9783,101.1913,101.7326,101.0763,0.8660,-0.5000,66947.3037,57501.8839,simulado; ancla agregada de gasto historico sin periodo conocido
2024-05-01,S04,4,1.1684,2759.2771,99.5508,101.5382,101.5020,0.8660,-0.5000,56350.9498,55510.3127,simulado; ancla agregada de gasto historico sin periodo conocido
2024-05-01,S05,4,0.8065,2596.7752,101.7682,100.8476,101.3301,0.8660,-0.5000,47021.1839,43967.4933,simulado; ancla agregada de gasto historico sin periodo conocido
2024-05-01,S06,4,1.3354,2874.0863,101.8770,98.9788,101.3212,0.8660,-0.5000,67276.4392,66059.4199,simulado; ancla agregada de gasto historico sin periodo conocido
2024-05-01,S07,4,1.2067,2948.9450,96.8125,96.2706,99.3178,0.8660,-0.5000,62265.6329,58900.3908,simulado; ancla agregada de gasto historico sin periodo conocido
2024-05-01,S08,4,1.2216,2938.8036,99.8872,100.7534,101.8892,0.8660,-0.5000,62271.4859,60958.4484,simulado; ancla agregada de gasto historico sin periodo conocido
2024-05-01,S09,4,0.8269,2874.3319,100.5658,97.6478,100.2056,0.8660,-0.5000,45063.5182,42780.7314,simulado; ancla agregada de gasto historico sin periodo conocido
2024-05-01,S10,4,1.0202,2594.4610,101.8465,105.3223,99.4178,0.8660,-0.5000,51360.8471,48205.1853,simulado; ancla agregada de gasto historico sin periodo conocido
2024-05-01,S11,4,0.9725,2753.7817,100.1640,94.6673,101.7283,0.8660,-0.5000,47743.7013,48833.0936,simulado; ancla agregada de gasto historico sin periodo conocido
2024-05-01,S12,4,1.3061,2580.7929,99.2223,101.4437,100.6108,0.8660,-0.5000,67102.2708,64901.5870,simulado; ancla agregada de gasto historico sin periodo conocido
2024-05-01,S13,4,1.1363,3021.8140,99.7830,95.7294,101.8672,0.8660,-0.5000,56564.6346,60615.5869,simulado; ancla agregada de gasto historico sin periodo conocido
2024-05-01,S14,4,1.2437,2869.2803,100.1640,101.2063,102.7510,0.8660,-0.5000,61372.4023,61546.8987,simulado; ancla agregada de gasto historico sin periodo conocido
2024-05-01,S15,4,1.0160,2706.3751,102.3372,97.6230,101.1331,0.8660,-0.5000,54475.5037,54165.9251,simulado; ancla agregada de gasto historico sin periodo conocido
2024-06-01,S01,5,1.2144,2473.8457,97.6388,93.9810,99.8826,0.5000,-0.8660,63264.3889,59197.6776,simulado; ancla agregada de gasto historico sin periodo conocido
2024-06-01,S02,5,1.0133,2982.8544,102.4908,97.3137,101.3477,0.5000,-0.8660,46162.4831,49554.0683,simulado; ancla agregada de gasto historico sin periodo conocido
2024-06-01,S03,5,1.2652,2723.3510,101.6145,99.1822,102.0639,0.5000,-0.8660,57501.8839,60071.1005,simulado; ancla agregada de gasto historico sin periodo conocido
2024-06-01,S04,5,1.1684,3205.6986,100.9015,104.4996,101.0915,0.5000,-0.8660,55510.3127,56453.5911,simulado; ancla agregada de gasto historico sin periodo conocido
2024-06-01,S05,5,0.8065,2415.7635,99.0969,101.4909,100.1485,0.5000,-0.8660,43967.4933,42927.6455,simulado; ancla agregada de gasto historico sin periodo conocido
2024-06-01,S06,5,1.3354,2864.1155,102.4535,101.2996,100.7138,0.5000,-0.8660,66059.4199,63995.1955,simulado; ancla agregada de gasto historico sin periodo conocido
2024-06-01,S07,5,1.2067,2859.1623,97.2035,99.1932,99.0092,0.5000,-0.8660,58900.3908,61439.2473,simulado; ancla agregada de gasto historico sin periodo conocido
2024-06-01,S08,5,1.2216,2857.7600,99.2049,95.6925,98.0355,0.5000,-0.8660,60958.4484,65984.8972,simulado; ancla agregada de gasto historico sin periodo conocido
2024-06-01,S09,5,0.8269,2559.1086,99.4928,101.5952,99.4390,0.5000,-0.8660,42780.7314,42068.4394,simulado; ancla agregada de gasto historico sin periodo conocido
2024-06-01,S10,5,1.0202,2541.1736,101.9235,101.2339,101.6683,0.5000,-0.8660,48205.1853,51866.3024,simulado; ancla agregada de gasto historico sin periodo conocido
2024-06-01,S11,5,0.9725,2894.6055,98.7537,97.5369,102.3358,0.5000,-0.8660,48833.0936,52732.3964,simulado; ancla agregada de gasto historico sin periodo conocido
2024-06-01,S12,5,1.3061,2605.6716,103.1191,100.5945,101.2582,0.5000,-0.8660,64901.5870,62478.7761,simulado; ancla agregada de gasto historico sin periodo conocido
2024-06-01,S13,5,1.1363,2411.1127,99.6926,101.5570,99.4342,0.5000,-0.8660,60615.5869,54621.2880,simulado; ancla agregada de gasto historico sin periodo conocido
2024-06-01,S14,5,1.2437,2924.3473,96.1903,97.8403,99.3135,0.5000,-0.8660,61546.8987,60708.6967,simulado; ancla agregada de gasto historico sin periodo conocido
2024-06-01,S15,5,1.0160,2518.5944,100.0439,99.7224,101.2034,0.5000,-0.8660,54165.9251,53032.2989,simulado; ancla agregada de gasto historico sin periodo conocido
2024-07-01,S01,6,1.2144,2642.9733,101.2931,101.9096,101.4964,0.0000,-1.0000,59197.6776,57277.4074,simulado; ancla agregada de gasto historico sin periodo conocido
2024-07-01,S02,6,1.0133,2329.1052,99.2437,97.1432,99.9555,0.0000,-1.0000,49554.0683,47076.4754,simulado; ancla agregada de gasto historico sin periodo conocido
2024-07-01,S03,6,1.2652,2327.0440,100.4728,101.2429,101.2511,0.0000,-1.0000,60071.1005,60769.3769,simulado; ancla agregada de gasto historico sin periodo conocido
2024-07-01,S04,6,1.1684,2636.8812,100.3126,98.2813,101.7484,0.0000,-1.0000,56453.5911,52087.9460,simulado; ancla agregada de gasto historico sin periodo conocido
2024-07-01,S05,6,0.8065,2278.2975,101.0717,97.5409,101.3898,0.0000,-1.0000,42927.6455,44127.2965,simulado; ancla agregada de gasto historico sin periodo conocido
2024-07-01,S06,6,1.3354,2832.2357,100.1455,101.3304,98.7901,0.0000,-1.0000,63995.1955,61646.1179,simulado; ancla agregada de gasto historico sin periodo conocido
2024-07-01,S07,6,1.2067,2257.4726,101.8859,106.2319,100.0234,0.0000,-1.0000,61439.2473,57184.8007,simulado; ancla agregada de gasto historico sin periodo conocido
2024-07-01,S08,6,1.2216,2855.2648,98.3997,100.9871,103.0213,0.0000,-1.0000,65984.8972,59026.8648,simulado; ancla agregada de gasto historico sin periodo conocido
2024-07-01,S09,6,0.8269,1940.0471,98.2941,98.9692,100.6794,0.0000,-1.0000,42068.4394,40223.2435,simulado; ancla agregada de gasto historico sin periodo conocido
2024-07-01,S10,6,1.0202,2009.6241,101.5277,98.5074,102.4744,0.0000,-1.0000,51866.3024,47595.3671,simulado; ancla agregada de gasto historico sin periodo conocido
2024-07-01,S11,6,0.9725,2495.2884,101.9733,101.5843,99.5144,0.0000,-1.0000,52732.3964,45789.8077,simulado; ancla agregada de gasto historico sin periodo conocido
2024-07-01,S12,6,1.3061,2594.7902,98.0373,101.5790,100.3934,0.0000,-1.0000,62478.7761,62136.1406,simulado; ancla agregada de gasto historico sin periodo conocido
2024-07-01,S13,6,1.1363,2511.3213,99.4948,104.5935,100.7593,0.0000,-1.0000,54621.2880,68427.2982,simulado; ancla agregada de gasto historico sin periodo conocido
2024-07-01,S14,6,1.2437,2375.5020,101.4480,98.6396,100.7884,0.0000,-1.0000,60708.6967,56161.9295,simulado; ancla agregada de gasto historico sin periodo conocido
2024-07-01,S15,6,1.0160,1867.2126,103.4997,107.8880,100.7947,0.0000,-1.0000,53032.2989,47168.2397,simulado; ancla agregada de gasto historico sin periodo conocido
2024-08-01,S01,7,1.2144,2274.2178,100.3581,96.9398,101.9796,-0.5000,-0.8660,57277.4074,52215.4590,simulado; ancla agregada de gasto historico sin periodo conocido
2024-08-01,S02,7,1.0133,2390.4868,104.3948,100.7959,101.0627,-0.5000,-0.8660,47076.4754,48816.8070,simulado; ancla agregada de gasto historico sin periodo conocido
2024-08-01,S03,7,1.2652,1981.8316,100.9959,99.1086,103.2478,-0.5000,-0.8660,60769.3769,62051.3783,simulado; ancla agregada de gasto historico sin periodo conocido
2024-08-01,S04,7,1.1684,2071.3875,101.7571,101.2382,100.5310,-0.5000,-0.8660,52087.9460,55065.2524,simulado; ancla agregada de gasto historico sin periodo conocido
2024-08-01,S05,7,0.8065,2062.0190,97.6545,100.2273,100.4976,-0.5000,-0.8660,44127.2965,38495.3461,simulado; ancla agregada de gasto historico sin periodo conocido
2024-08-01,S06,7,1.3354,2022.4432,97.7918,101.7262,100.8773,-0.5000,-0.8660,61646.1179,60920.8028,simulado; ancla agregada de gasto historico sin periodo conocido
2024-08-01,S07,7,1.2067,2393.2633,99.4150,96.3295,102.2358,-0.5000,-0.8660,57184.8007,61829.6010,simulado; ancla agregada de gasto historico sin periodo conocido
2024-08-01,S08,7,1.2216,2433.2608,101.3979,99.7792,102.2168,-0.5000,-0.8660,59026.8648,59940.0146,simulado; ancla agregada de gasto historico sin periodo conocido
2024-08-01,S09,7,0.8269,2028.7430,99.9163,98.8427,102.1908,-0.5000,-0.8660,40223.2435,37576.0140,simulado; ancla agregada de gasto historico sin periodo conocido
2024-08-01,S10,7,1.0202,2146.6656,101.2653,99.5427,102.3521,-0.5000,-0.8660,47595.3671,44853.4969,simulado; ancla agregada de gasto historico sin periodo conocido
2024-08-01,S11,7,0.9725,2044.1078,96.5234,97.3891,100.4848,-0.5000,-0.8660,45789.8077,46840.0080,simulado; ancla agregada de gasto historico sin periodo conocido
2024-08-01,S12,7,1.3061,2329.1162,98.8445,100.1091,102.4492,-0.5000,-0.8660,62136.1406,57208.0556,simulado; ancla agregada de gasto historico sin periodo conocido
2024-08-01,S13,7,1.1363,2421.0403,100.3012,102.2225,101.3864,-0.5000,-0.8660,68427.2982,54261.9174,simulado; ancla agregada de gasto historico sin periodo conocido
2024-08-01,S14,7,1.2437,2349.1699,100.3208,96.6323,99.8365,-0.5000,-0.8660,56161.9295,55486.6098,simulado; ancla agregada de gasto historico sin periodo conocido
2024-08-01,S15,7,1.0160,2013.1226,100.5269,103.6641,99.1193,-0.5000,-0.8660,47168.2397,43006.6125,simulado; ancla agregada de gasto historico sin periodo conocido
2024-09-01,S01,8,1.2144,2545.5373,101.3087,102.6220,100.4598,-0.8660,-0.5000,52215.4590,54671.9769,simulado; ancla agregada de gasto historico sin periodo conocido
2024-09-01,S02,8,1.0133,2136.3750,101.7877,99.7570,101.8781,-0.8660,-0.5000,48816.8070,63721.8437,simulado; ancla agregada de gasto historico sin periodo conocido
2024-09-01,S03,8,1.2652,1893.0986,96.7549,103.3252,102.7877,-0.8660,-0.5000,62051.3783,51618.9144,simulado; ancla agregada de gasto historico sin periodo conocido
2024-09-01,S04,8,1.1684,2222.8892,102.4755,105.7128,102.1163,-0.8660,-0.5000,55065.2524,50276.3421,simulado; ancla agregada de gasto historico sin periodo conocido
2024-09-01,S05,8,0.8065,2022.6636,100.2613,97.2748,103.6488,-0.8660,-0.5000,38495.3461,40404.4802,simulado; ancla agregada de gasto historico sin periodo conocido
2024-09-01,S06,8,1.3354,2081.9907,102.3390,102.2389,102.0425,-0.8660,-0.5000,60920.8028,60945.5598,simulado; ancla agregada de gasto historico sin periodo conocido
2024-09-01,S07,8,1.2067,2383.0362,101.9464,101.3424,99.8164,-0.8660,-0.5000,61829.6010,40066.4887,simulado; ancla agregada de gasto historico sin periodo conocido
2024-09-01,S08,8,1.2216,1946.1454,103.8273,105.5070,102.9592,-0.8660,-0.5000,59940.0146,58836.2935,simulado; ancla agregada de gasto historico sin periodo conocido
2024-09-01,S09,8,0.8269,2032.9769,101.1650,97.0396,101.9970,-0.8660,-0.5000,37576.0140,34633.9681,simulado; ancla agregada de gasto historico sin periodo conocido
2024-09-01,S10,8,1.0202,2115.7435,100.6565,105.7127,102.4942,-0.8660,-0.5000,44853.4969,45105.0641,simulado; ancla agregada de gasto historico sin periodo conocido
2024-09-01,S11,8,0.9725,2112.8572,100.4348,97.0727,101.4489,-0.8660,-0.5000,46840.0080,41854.2869,simulado; ancla agregada de gasto historico sin periodo conocido
2024-09-01,S12,8,1.3061,2382.3894,101.5043,94.9599,101.4773,-0.8660,-0.5000,57208.0556,61430.4952,simulado; ancla agregada de gasto historico sin periodo conocido
2024-09-01,S13,8,1.1363,2410.7348,100.8700,97.7849,100.5163,-0.8660,-0.5000,54261.9174,53404.9540,simulado; ancla agregada de gasto historico sin periodo conocido
2024-09-01,S14,8,1.2437,2521.9324,102.7800,99.9233,100.3558,-0.8660,-0.5000,55486.6098,56632.5929,simulado; ancla agregada de gasto historico sin periodo conocido
2024-09-01,S15,8,1.0160,2080.4571,99.7598,101.0787,101.0960,-0.8660,-0.5000,43006.6125,44874.2265,simulado; ancla agregada de gasto historico sin periodo conocido
2024-10-01,S01,9,1.2144,2103.7484,101.3394,101.1796,100.6606,-1.0000,-0.0000,54671.9769,57623.3112,simulado; ancla agregada de gasto historico sin periodo conocido
2024-10-01,S02,9,1.0133,1836.0060,97.0900,94.7745,101.8291,-1.0000,-0.0000,63721.8437,50856.0834,simulado; ancla agregada de gasto historico sin periodo conocido
2024-10-01,S03,9,1.2652,2484.7011,96.0889,101.5478,103.3614,-1.0000,-0.0000,51618.9144,53448.5355,simulado; ancla agregada de gasto historico sin periodo conocido
2024-10-01,S04,9,1.1684,2003.5742,99.2902,99.3812,103.2275,-1.0000,-0.0000,50276.3421,50405.1797,simulado; ancla agregada de gasto historico sin periodo conocido
2024-10-01,S05,9,0.8065,2407.3665,100.9640,105.6211,101.7067,-1.0000,-0.0000,40404.4802,38650.8701,simulado; ancla agregada de gasto historico sin periodo conocido
2024-10-01,S06,9,1.3354,2952.0345,102.4323,98.2382,102.7690,-1.0000,-0.0000,60945.5598,60748.9802,simulado; ancla agregada de gasto historico sin periodo conocido
2024-10-01,S07,9,1.2067,2388.2342,100.9560,101.1957,101.8140,-1.0000,-0.0000,40066.4887,50629.7907,simulado; ancla agregada de gasto historico sin periodo conocido
2024-10-01,S08,9,1.2216,1769.6866,102.0998,97.4139,100.3577,-1.0000,-0.0000,58836.2935,55883.7535,simulado; ancla agregada de gasto historico sin periodo conocido
2024-10-01,S09,9,0.8269,1845.8627,102.3959,96.3335,101.3931,-1.0000,-0.0000,34633.9681,36905.6463,simulado; ancla agregada de gasto historico sin periodo conocido
2024-10-01,S10,9,1.0202,2156.4659,99.0858,102.5328,101.8630,-1.0000,-0.0000,45105.0641,40088.2544,simulado; ancla agregada de gasto historico sin periodo conocido
2024-10-01,S11,9,0.9725,2068.5292,100.5023,100.0497,101.7720,-1.0000,-0.0000,41854.2869,45408.5679,simulado; ancla agregada de gasto historico sin periodo conocido
2024-10-01,S12,9,1.3061,1993.5864,98.7905,97.0800,102.0889,-1.0000,-0.0000,61430.4952,57857.1310,simulado; ancla agregada de gasto historico sin periodo conocido
2024-10-01,S13,9,1.1363,1602.7856,97.8328,97.8609,101.2423,-1.0000,-0.0000,53404.9540,50478.0273,simulado; ancla agregada de gasto historico sin periodo conocido
2024-10-01,S14,9,1.2437,2138.2443,102.7888,98.3319,100.9377,-1.0000,-0.0000,56632.5929,52465.9608,simulado; ancla agregada de gasto historico sin periodo conocido
2024-10-01,S15,9,1.0160,2178.7564,101.0846,99.9177,103.3883,-1.0000,-0.0000,44874.2265,50914.4065,simulado; ancla agregada de gasto historico sin periodo conocido
2024-11-01,S01,10,1.2144,2204.4830,98.7014,100.6098,100.9238,-0.8660,0.5000,57623.3112,56678.4515,simulado; ancla agregada de gasto historico sin periodo conocido
2024-11-01,S02,10,1.0133,2275.7827,99.8801,103.3622,103.1575,-0.8660,0.5000,50856.0834,45493.0541,simulado; ancla agregada de gasto historico sin periodo conocido
2024-11-01,S03,10,1.2652,2395.9414,103.4542,94.7576,101.6821,-0.8660,0.5000,53448.5355,58276.8395,simulado; ancla agregada de gasto historico sin periodo conocido
2024-11-01,S04,10,1.1684,2105.3827,100.7009,106.0465,101.8303,-0.8660,0.5000,50405.1797,50861.1489,simulado; ancla agregada de gasto historico sin periodo conocido
2024-11-01,S05,10,0.8065,2066.8012,101.0108,101.7450,103.1653,-0.8660,0.5000,38650.8701,38845.2758,simulado; ancla agregada de gasto historico sin periodo conocido
2024-11-01,S06,10,1.3354,2444.2781,98.9284,100.1364,102.9403,-0.8660,0.5000,60748.9802,61449.5208,simulado; ancla agregada de gasto historico sin periodo conocido
2024-11-01,S07,10,1.2067,2445.2397,101.8834,104.0009,102.2894,-0.8660,0.5000,50629.7907,54662.5719,simulado; ancla agregada de gasto historico sin periodo conocido
2024-11-01,S08,10,1.2216,1612.9796,101.6892,89.4548,100.2765,-0.8660,0.5000,55883.7535,57616.6792,simulado; ancla agregada de gasto historico sin periodo conocido
2024-11-01,S09,10,0.8269,1804.5909,99.7182,104.5116,101.5160,-0.8660,0.5000,36905.6463,36742.0570,simulado; ancla agregada de gasto historico sin periodo conocido
2024-11-01,S10,10,1.0202,2246.7748,103.9104,100.7931,100.9977,-0.8660,0.5000,40088.2544,45334.4526,simulado; ancla agregada de gasto historico sin periodo conocido
2024-11-01,S11,10,0.9725,1832.8874,100.5395,98.1734,102.9244,-0.8660,0.5000,45408.5679,44305.0236,simulado; ancla agregada de gasto historico sin periodo conocido
2024-11-01,S12,10,1.3061,2276.5606,101.4016,102.2504,101.0003,-0.8660,0.5000,57857.1310,61524.2511,simulado; ancla agregada de gasto historico sin periodo conocido
2024-11-01,S13,10,1.1363,2124.3365,98.4497,101.7314,102.4634,-0.8660,0.5000,50478.0273,51470.0287,simulado; ancla agregada de gasto historico sin periodo conocido
2024-11-01,S14,10,1.2437,2430.5479,101.6739,102.2959,100.5957,-0.8660,0.5000,52465.9608,54747.6608,simulado; ancla agregada de gasto historico sin periodo conocido
2024-11-01,S15,10,1.0160,2048.7015,102.5670,104.8378,103.7944,-0.8660,0.5000,50914.4065,47637.1933,simulado; ancla agregada de gasto historico sin periodo conocido
2024-12-01,S01,11,1.2144,2474.7853,102.4803,100.8035,102.3308,-0.5000,0.8660,56678.4515,57882.5173,simulado; ancla agregada de gasto historico sin periodo conocido
2024-12-01,S02,11,1.0133,2136.2204,100.3539,102.3417,102.2030,-0.5000,0.8660,45493.0541,48985.9176,simulado; ancla agregada de gasto historico sin periodo conocido
2024-12-01,S03,11,1.2652,2340.1143,102.4612,101.5765,100.9652,-0.5000,0.8660,58276.8395,58244.9406,simulado; ancla agregada de gasto historico sin periodo conocido
2024-12-01,S04,11,1.1684,2010.0894,99.2189,97.3769,102.2522,-0.5000,0.8660,50861.1489,52992.3850,simulado; ancla agregada de gasto historico sin periodo conocido
2024-12-01,S05,11,0.8065,2329.5876,101.7118,101.3881,102.6098,-0.5000,0.8660,38845.2758,34742.4966,simulado; ancla agregada de gasto historico sin periodo conocido
2024-12-01,S06,11,1.3354,2377.5103,97.1756,100.5482,102.1954,-0.5000,0.8660,61449.5208,64879.9279,simulado; ancla agregada de gasto historico sin periodo conocido
2024-12-01,S07,11,1.2067,2437.9524,100.1994,101.8955,101.6721,-0.5000,0.8660,54662.5719,58879.6204,simulado; ancla agregada de gasto historico sin periodo conocido
2024-12-01,S08,11,1.2216,2278.1096,102.5502,102.4722,101.2452,-0.5000,0.8660,57616.6792,59572.2675,simulado; ancla agregada de gasto historico sin periodo conocido
2024-12-01,S09,11,0.8269,2225.8578,99.7278,97.8624,101.6623,-0.5000,0.8660,36742.0570,37392.4010,simulado; ancla agregada de gasto historico sin periodo conocido
2024-12-01,S10,11,1.0202,2396.3685,98.8648,99.8278,102.3096,-0.5000,0.8660,45334.4526,44619.1852,simulado; ancla agregada de gasto historico sin periodo conocido
2024-12-01,S11,11,0.9725,2600.0826,101.3697,101.6735,102.3183,-0.5000,0.8660,44305.0236,46542.5481,simulado; ancla agregada de gasto historico sin periodo conocido
2024-12-01,S12,11,1.3061,2762.9205,100.2784,103.8367,101.5556,-0.5000,0.8660,61524.2511,47969.4507,simulado; ancla agregada de gasto historico sin periodo conocido
2024-12-01,S13,11,1.1363,2676.0872,100.9608,99.8493,101.0854,-0.5000,0.8660,51470.0287,50214.0127,simulado; ancla agregada de gasto historico sin periodo conocido
2024-12-01,S14,11,1.2437,2210.9953,101.5082,104.3970,105.0092,-0.5000,0.8660,54747.6608,60856.7788,simulado; ancla agregada de gasto historico sin periodo conocido
2024-12-01,S15,11,1.0160,2351.6498,100.8278,101.7378,102.2619,-0.5000,0.8660,47637.1933,47667.2397,simulado; ancla agregada de gasto historico sin periodo conocido
2025-01-01,S01,12,1.2144,2279.6027,98.4215,102.4397,102.1233,0.0000,1.0000,57882.5173,58536.5476,simulado; ancla agregada de gasto historico sin periodo conocido
2025-01-01,S02,12,1.0133,2661.5486,101.5247,98.5118,103.6263,0.0000,1.0000,48985.9176,53088.5871,simulado; ancla agregada de gasto historico sin periodo conocido
2025-01-01,S03,12,1.2652,2826.7853,103.4355,103.8703,103.0141,0.0000,1.0000,58244.9406,63230.8764,simulado; ancla agregada de gasto historico sin periodo conocido
2025-01-01,S04,12,1.1684,2322.7961,102.4613,96.4126,101.6054,0.0000,1.0000,52992.3850,59396.0973,simulado; ancla agregada de gasto historico sin periodo conocido
2025-01-01,S05,12,0.8065,2710.4808,100.7110,97.0233,102.1596,0.0000,1.0000,34742.4966,41422.1706,simulado; ancla agregada de gasto historico sin periodo conocido
2025-01-01,S06,12,1.3354,2897.0964,100.5497,101.5361,101.4114,0.0000,1.0000,64879.9279,65937.6141,simulado; ancla agregada de gasto historico sin periodo conocido
2025-01-01,S07,12,1.2067,2418.3830,100.7755,99.9275,102.1298,0.0000,1.0000,58879.6204,59466.8141,simulado; ancla agregada de gasto historico sin periodo conocido
2025-01-01,S08,12,1.2216,2537.1621,97.4246,97.7974,102.1369,0.0000,1.0000,59572.2675,63749.0375,simulado; ancla agregada de gasto historico sin periodo conocido
2025-01-01,S09,12,0.8269,2357.1478,103.5192,100.6651,102.4372,0.0000,1.0000,37392.4010,42024.9391,simulado; ancla agregada de gasto historico sin periodo conocido
2025-01-01,S10,12,1.0202,2868.2507,97.0247,94.4754,101.8568,0.0000,1.0000,44619.1852,52322.7839,simulado; ancla agregada de gasto historico sin periodo conocido
2025-01-01,S11,12,0.9725,2570.3186,100.5084,103.5371,103.4302,0.0000,1.0000,46542.5481,51121.7928,simulado; ancla agregada de gasto historico sin periodo conocido
2025-01-01,S12,12,1.3061,2693.0115,100.1893,102.5735,102.5106,0.0000,1.0000,47969.4507,62688.8137,simulado; ancla agregada de gasto historico sin periodo conocido
2025-01-01,S13,12,1.1363,2008.9677,98.6482,96.9188,102.0367,0.0000,1.0000,50214.0127,50348.3551,simulado; ancla agregada de gasto historico sin periodo conocido
2025-01-01,S14,12,1.2437,2385.0937,99.6505,107.8523,104.2017,0.0000,1.0000,60856.7788,59233.3155,simulado; ancla agregada de gasto historico sin periodo conocido
2025-01-01,S15,12,1.0160,2235.1994,97.7654,100.1294,101.4021,0.0000,1.0000,47667.2397,45516.9271,simulado; ancla agregada de gasto historico sin periodo conocido
2025-02-01,S01,13,1.2144,2609.5524,101.5675,101.6186,103.0175,0.5000,0.8660,58536.5476,63601.6855,simulado; ancla agregada de gasto historico sin periodo conocido
2025-02-01,S02,13,1.0133,2500.6170,102.4391,100.4881,101.2236,0.5000,0.8660,53088.5871,54714.0630,simulado; ancla agregada de gasto historico sin periodo conocido
2025-02-01,S03,13,1.2652,2937.4318,101.0462,105.1153,103.6075,0.5000,0.8660,63230.8764,66397.2119,simulado; ancla agregada de gasto historico sin periodo conocido
2025-02-01,S04,13,1.1684,3179.6450,104.8289,96.8360,101.6735,0.5000,0.8660,59396.0973,60056.0031,simulado; ancla agregada de gasto historico sin periodo conocido
2025-02-01,S05,13,0.8065,2282.2942,100.4249,101.7807,102.4976,0.5000,0.8660,41422.1706,41419.8811,simulado; ancla agregada de gasto historico sin periodo conocido
2025-02-01,S06,13,1.3354,2680.9726,99.7169,107.3649,102.8975,0.5000,0.8660,65937.6141,65076.3856,simulado; ancla agregada de gasto historico sin periodo conocido
2025-02-01,S07,13,1.2067,2732.4314,100.0156,92.5649,101.2220,0.5000,0.8660,59466.8141,57079.0246,simulado; ancla agregada de gasto historico sin periodo conocido
2025-02-01,S08,13,1.2216,2517.8403,103.6849,100.3867,103.8906,0.5000,0.8660,63749.0375,65854.5422,simulado; ancla agregada de gasto historico sin periodo conocido
2025-02-01,S09,13,0.8269,2385.2368,102.2431,102.7061,102.0234,0.5000,0.8660,42024.9391,45653.1456,simulado; ancla agregada de gasto historico sin periodo conocido
2025-02-01,S10,13,1.0202,2559.2142,99.2790,96.9676,102.6865,0.5000,0.8660,52322.7839,51973.0980,simulado; ancla agregada de gasto historico sin periodo conocido
2025-02-01,S11,13,0.9725,2662.0882,102.3270,102.3746,104.1519,0.5000,0.8660,51121.7928,49751.4313,simulado; ancla agregada de gasto historico sin periodo conocido
2025-02-01,S12,13,1.3061,3193.4185,100.3442,103.6546,102.6680,0.5000,0.8660,62688.8137,61486.9139,simulado; ancla agregada de gasto historico sin periodo conocido
2025-02-01,S13,13,1.1363,2700.4153,98.4931,103.4219,104.1168,0.5000,0.8660,50348.3551,56684.6910,simulado; ancla agregada de gasto historico sin periodo conocido
2025-02-01,S14,13,1.2437,2632.2423,100.1687,102.8435,102.5615,0.5000,0.8660,59233.3155,60882.5429,simulado; ancla agregada de gasto historico sin periodo conocido
2025-02-01,S15,13,1.0160,2897.8783,101.4753,102.9073,102.1528,0.5000,0.8660,45516.9271,51377.0695,simulado; ancla agregada de gasto historico sin periodo conocido
2025-03-01,S01,14,1.2144,2736.3631,102.5917,102.5107,103.3936,0.8660,0.5000,63601.6855,67928.8206,simulado; ancla agregada de gasto historico sin periodo conocido
2025-03-01,S02,14,1.0133,2737.2846,102.0715,98.6892,102.8234,0.8660,0.5000,54714.0630,60001.5280,simulado; ancla agregada de gasto historico sin periodo conocido
2025-03-01,S03,14,1.2652,3025.7019,101.0075,104.1409,100.6294,0.8660,0.5000,66397.2119,68413.6629,simulado; ancla agregada de gasto historico sin periodo conocido
2025-03-01,S04,14,1.1684,2910.6224,101.8508,96.5808,102.7768,0.8660,0.5000,60056.0031,64896.9040,simulado; ancla agregada de gasto historico sin periodo conocido
2025-03-01,S05,14,0.8065,2753.6975,100.6097,99.3763,100.6708,0.8660,0.5000,41419.8811,47087.2000,simulado; ancla agregada de gasto historico sin periodo conocido
2025-03-01,S06,14,1.3354,2634.1593,100.2094,97.0876,101.8346,0.8660,0.5000,65076.3856,63146.4690,simulado; ancla agregada de gasto historico sin periodo conocido
2025-03-01,S07,14,1.2067,3051.5903,102.7569,99.8067,100.3193,0.8660,0.5000,57079.0246,65741.3024,simulado; ancla agregada de gasto historico sin periodo conocido
2025-03-01,S08,14,1.2216,2312.7694,100.7745,97.0200,103.6046,0.8660,0.5000,65854.5422,66002.1763,simulado; ancla agregada de gasto historico sin periodo conocido
2025-03-01,S09,14,0.8269,2850.9443,104.7052,99.9512,103.1760,0.8660,0.5000,45653.1456,51053.6225,simulado; ancla agregada de gasto historico sin periodo conocido
2025-03-01,S10,14,1.0202,2655.9127,100.3906,100.4933,101.2371,0.8660,0.5000,51973.0980,56761.2383,simulado; ancla agregada de gasto historico sin periodo conocido
2025-03-01,S11,14,0.9725,2863.7937,98.5400,100.1886,103.5420,0.8660,0.5000,49751.4313,49852.7650,simulado; ancla agregada de gasto historico sin periodo conocido
2025-03-01,S12,14,1.3061,3158.9780,101.8862,101.7959,104.6595,0.8660,0.5000,61486.9139,68821.1367,simulado; ancla agregada de gasto historico sin periodo conocido
2025-03-01,S13,14,1.1363,3477.6324,101.0152,98.1664,103.2278,0.8660,0.5000,56684.6910,60179.8305,simulado; ancla agregada de gasto historico sin periodo conocido
2025-03-01,S14,14,1.2437,2707.8100,105.5577,101.5405,102.0677,0.8660,0.5000,60882.5429,64507.4792,simulado; ancla agregada de gasto historico sin periodo conocido
2025-03-01,S15,14,1.0160,2765.4992,102.4121,96.6844,103.1526,0.8660,0.5000,51377.0695,56553.7354,simulado; ancla agregada de gasto historico sin periodo conocido
2025-04-01,S01,15,1.2144,2899.4202,100.5872,99.3690,102.7460,1.0000,0.0000,67928.8206,68577.8153,simulado; ancla agregada de gasto historico sin periodo conocido
2025-04-01,S02,15,1.0133,2500.3575,103.0516,99.4609,103.3769,1.0000,0.0000,60001.5280,60861.2661,simulado; ancla agregada de gasto historico sin periodo conocido
2025-04-01,S03,15,1.2652,3281.6191,103.2273,96.0557,103.8291,1.0000,0.0000,68413.6629,65754.4675,simulado; ancla agregada de gasto historico sin periodo conocido
2025-04-01,S04,15,1.1684,2953.8650,102.1562,102.2682,103.1773,1.0000,0.0000,64896.9040,67616.3326,simulado; ancla agregada de gasto historico sin periodo conocido
2025-04-01,S05,15,0.8065,3047.9807,96.3393,99.6477,102.8353,1.0000,0.0000,47087.2000,47134.7846,simulado; ancla agregada de gasto historico sin periodo conocido
2025-04-01,S06,15,1.3354,3317.4134,99.5442,101.6092,102.0842,1.0000,0.0000,63146.4690,72126.5465,simulado; ancla agregada de gasto historico sin periodo conocido
2025-04-01,S07,15,1.2067,2858.9792,102.3320,94.9863,104.8623,1.0000,0.0000,65741.3024,66022.9594,simulado; ancla agregada de gasto historico sin periodo conocido
2025-04-01,S08,15,1.2216,3112.4395,98.9623,104.1476,102.6760,1.0000,0.0000,66002.1763,63986.4724,simulado; ancla agregada de gasto historico sin periodo conocido
2025-04-01,S09,15,0.8269,2660.6908,102.7504,101.3677,103.6517,1.0000,0.0000,51053.6225,50381.3677,simulado; ancla agregada de gasto historico sin periodo conocido
2025-04-01,S10,15,1.0202,2792.9691,105.5135,95.8962,104.2609,1.0000,0.0000,56761.2383,56191.3820,simulado; ancla agregada de gasto historico sin periodo conocido
2025-04-01,S11,15,0.9725,3351.6796,103.2919,103.5134,103.0280,1.0000,0.0000,49852.7650,53452.0949,simulado; ancla agregada de gasto historico sin periodo conocido
2025-04-01,S12,15,1.3061,3113.9462,104.0221,101.1439,102.0886,1.0000,0.0000,68821.1367,72279.6408,simulado; ancla agregada de gasto historico sin periodo conocido
2025-04-01,S13,15,1.1363,3087.1846,102.8419,99.7872,102.0710,1.0000,0.0000,60179.8305,57995.7545,simulado; ancla agregada de gasto historico sin periodo conocido
2025-04-01,S14,15,1.2437,3048.9572,101.3498,99.2800,100.0444,1.0000,0.0000,64507.4792,68984.4020,simulado; ancla agregada de gasto historico sin periodo conocido
2025-04-01,S15,15,1.0160,2736.8065,102.1491,96.4279,104.4387,1.0000,0.0000,56553.7354,58055.1593,simulado; ancla agregada de gasto historico sin periodo conocido
2025-05-01,S01,16,1.2144,3461.9673,104.3296,99.7203,102.6068,0.8660,-0.5000,68577.8153,69041.5933,simulado; ancla agregada de gasto historico sin periodo conocido
2025-05-01,S02,16,1.0133,2826.6231,100.8886,105.0415,103.0858,0.8660,-0.5000,60861.2661,56906.3429,simulado; ancla agregada de gasto historico sin periodo conocido
2025-05-01,S03,16,1.2652,3368.4583,102.2432,103.5289,102.4754,0.8660,-0.5000,65754.4675,68315.8096,simulado; ancla agregada de gasto historico sin periodo conocido
2025-05-01,S04,16,1.1684,3144.8010,101.6725,96.7808,101.8397,0.8660,-0.5000,67616.3326,60957.1360,simulado; ancla agregada de gasto historico sin periodo conocido
2025-05-01,S05,16,0.8065,2770.4489,103.6251,100.5998,100.9396,0.8660,-0.5000,47134.7846,46517.5739,simulado; ancla agregada de gasto historico sin periodo conocido
2025-05-01,S06,16,1.3354,3471.9153,98.9772,99.4680,104.9059,0.8660,-0.5000,72126.5465,73200.6255,simulado; ancla agregada de gasto historico sin periodo conocido
2025-05-01,S07,16,1.2067,2971.6594,102.1939,102.9728,102.3905,0.8660,-0.5000,66022.9594,61420.9382,simulado; ancla agregada de gasto historico sin periodo conocido
2025-05-01,S08,16,1.2216,3026.1691,101.9217,98.7911,103.1773,0.8660,-0.5000,63986.4724,62718.0477,simulado; ancla agregada de gasto historico sin periodo conocido
2025-05-01,S09,16,0.8269,2678.7477,99.6128,101.6084,102.0499,0.8660,-0.5000,50381.3677,44674.4171,simulado; ancla agregada de gasto historico sin periodo conocido
2025-05-01,S10,16,1.0202,2728.6398,100.4757,104.6154,103.5303,0.8660,-0.5000,56191.3820,56437.9988,simulado; ancla agregada de gasto historico sin periodo conocido
2025-05-01,S11,16,0.9725,2365.7660,101.5224,106.6325,103.3323,0.8660,-0.5000,53452.0949,53433.5499,simulado; ancla agregada de gasto historico sin periodo conocido
2025-05-01,S12,16,1.3061,3193.1715,98.0046,95.5930,103.4103,0.8660,-0.5000,72279.6408,73999.4905,simulado; ancla agregada de gasto historico sin periodo conocido
2025-05-01,S13,16,1.1363,2841.9301,98.1178,96.8360,100.4503,0.8660,-0.5000,57995.7545,59400.1583,simulado; ancla agregada de gasto historico sin periodo conocido
2025-05-01,S14,16,1.2437,2871.5556,103.5420,104.2356,103.0296,0.8660,-0.5000,68984.4020,68399.5144,simulado; ancla agregada de gasto historico sin periodo conocido
2025-05-01,S15,16,1.0160,2973.3124,102.1569,103.5844,102.0352,0.8660,-0.5000,58055.1593,54067.2777,simulado; ancla agregada de gasto historico sin periodo conocido
2025-06-01,S01,17,1.2144,3002.0159,98.6628,97.8892,104.9164,0.5000,-0.8660,69041.5933,67729.9946,simulado; ancla agregada de gasto historico sin periodo conocido
2025-06-01,S02,17,1.0133,2788.7937,101.5111,104.7716,103.1633,0.5000,-0.8660,56906.3429,52546.1097,simulado; ancla agregada de gasto historico sin periodo conocido
2025-06-01,S03,17,1.2652,2983.8416,102.4119,95.9788,102.6757,0.5000,-0.8660,68315.8096,66723.2229,simulado; ancla agregada de gasto historico sin periodo conocido
2025-06-01,S04,17,1.1684,2511.5094,100.5689,98.4942,104.1715,0.5000,-0.8660,60957.1360,60502.8083,simulado; ancla agregada de gasto historico sin periodo conocido
2025-06-01,S05,17,0.8065,2547.0044,101.9519,98.2303,102.2532,0.5000,-0.8660,46517.5739,43944.1547,simulado; ancla agregada de gasto historico sin periodo conocido
2025-06-01,S06,17,1.3354,2641.7225,101.9917,102.8691,101.8129,0.5000,-0.8660,73200.6255,68914.5191,simulado; ancla agregada de gasto historico sin periodo conocido
2025-06-01,S07,17,1.2067,2908.4738,101.6767,96.3192,102.1376,0.5000,-0.8660,61420.9382,50811.6211,simulado; ancla agregada de gasto historico sin periodo conocido
2025-06-01,S08,17,1.2216,2353.6981,102.3223,104.2489,103.2470,0.5000,-0.8660,62718.0477,60323.9233,simulado; ancla agregada de gasto historico sin periodo conocido
2025-06-01,S09,17,0.8269,2617.1735,98.7824,93.6470,104.3428,0.5000,-0.8660,44674.4171,44841.9824,simulado; ancla agregada de gasto historico sin periodo conocido
2025-06-01,S10,17,1.0202,2435.0985,99.1621,100.1585,102.6704,0.5000,-0.8660,56437.9988,55293.1186,simulado; ancla agregada de gasto historico sin periodo conocido
2025-06-01,S11,17,0.9725,2786.8263,102.1295,105.4133,102.3324,0.5000,-0.8660,53433.5499,54957.0755,simulado; ancla agregada de gasto historico sin periodo conocido
2025-06-01,S12,17,1.3061,3161.2283,99.1408,99.7429,104.7581,0.5000,-0.8660,73999.4905,70563.3283,simulado; ancla agregada de gasto historico sin periodo conocido
2025-06-01,S13,17,1.1363,2750.2689,101.0092,101.5447,103.1476,0.5000,-0.8660,59400.1583,59554.4662,simulado; ancla agregada de gasto historico sin periodo conocido
2025-06-01,S14,17,1.2437,2702.6527,102.6578,109.4227,101.6230,0.5000,-0.8660,68399.5144,62466.7978,simulado; ancla agregada de gasto historico sin periodo conocido
2025-06-01,S15,17,1.0160,2865.0528,101.7838,102.9656,104.5755,0.5000,-0.8660,54067.2777,57142.6984,simulado; ancla agregada de gasto historico sin periodo conocido
2025-07-01,S01,18,1.2144,2161.4413,104.6628,101.8452,104.6778,0.0000,-1.0000,67729.9946,60998.8123,simulado; ancla agregada de gasto historico sin periodo conocido
2025-07-01,S02,18,1.0133,2608.7700,101.7693,101.5692,104.6845,0.0000,-1.0000,52546.1097,54832.9006,simulado; ancla agregada de gasto historico sin periodo conocido
2025-07-01,S03,18,1.2652,2704.4014,101.4332,96.3067,104.1030,0.0000,-1.0000,66723.2229,64316.9934,simulado; ancla agregada de gasto historico sin periodo conocido
2025-07-01,S04,18,1.1684,2796.8571,99.1142,100.8804,103.4808,0.0000,-1.0000,60502.8083,59050.7857,simulado; ancla agregada de gasto historico sin periodo conocido
2025-07-01,S05,18,0.8065,2320.5427,100.8881,104.5386,104.1363,0.0000,-1.0000,43944.1547,41571.1005,simulado; ancla agregada de gasto historico sin periodo conocido
2025-07-01,S06,18,1.3354,2392.9077,102.4993,95.4406,104.3518,0.0000,-1.0000,68914.5191,74031.4154,simulado; ancla agregada de gasto historico sin periodo conocido
2025-07-01,S07,18,1.2067,2431.3121,101.6152,106.1149,104.7914,0.0000,-1.0000,50811.6211,57110.8601,simulado; ancla agregada de gasto historico sin periodo conocido
2025-07-01,S08,18,1.2216,2681.2591,102.3075,98.6240,103.5107,0.0000,-1.0000,60323.9233,62098.9994,simulado; ancla agregada de gasto historico sin periodo conocido
2025-07-01,S09,18,0.8269,2582.4386,101.3906,95.8748,104.5885,0.0000,-1.0000,44841.9824,43217.9031,simulado; ancla agregada de gasto historico sin periodo conocido
2025-07-01,S10,18,1.0202,2518.3837,99.0988,97.6438,103.0622,0.0000,-1.0000,55293.1186,51683.6880,simulado; ancla agregada de gasto historico sin periodo conocido
2025-07-01,S11,18,0.9725,2697.0864,100.8310,101.4638,103.4586,0.0000,-1.0000,54957.0755,50519.2894,simulado; ancla agregada de gasto historico sin periodo conocido
2025-07-01,S12,18,1.3061,2377.0733,99.3125,99.1244,102.3509,0.0000,-1.0000,70563.3283,65171.6495,simulado; ancla agregada de gasto historico sin periodo conocido
2025-07-01,S13,18,1.1363,3160.5730,98.6721,101.3309,102.4720,0.0000,-1.0000,59554.4662,59007.5637,simulado; ancla agregada de gasto historico sin periodo conocido
2025-07-01,S14,18,1.2437,2180.2468,102.2263,106.4287,103.1466,0.0000,-1.0000,62466.7978,63493.9970,simulado; ancla agregada de gasto historico sin periodo conocido
2025-07-01,S15,18,1.0160,2541.9545,100.7543,93.8928,104.2410,0.0000,-1.0000,57142.6984,52287.4113,simulado; ancla agregada de gasto historico sin periodo conocido
2025-08-01,S01,19,1.2144,2545.0381,100.8494,99.1747,104.4063,-0.5000,-0.8660,60998.8123,63003.9906,simulado; ancla agregada de gasto historico sin periodo conocido
2025-08-01,S02,19,1.0133,2109.1726,100.7071,106.5288,104.9274,-0.5000,-0.8660,54832.9006,48030.7441,simulado; ancla agregada de gasto historico sin periodo conocido
2025-08-01,S03,19,1.2652,2426.1395,102.0319,100.8726,103.7091,-0.5000,-0.8660,64316.9934,62138.4873,simulado; ancla agregada de gasto historico sin periodo conocido
2025-08-01,S04,19,1.1684,2176.9751,100.9703,103.5039,102.4317,-0.5000,-0.8660,59050.7857,54778.7161,simulado; ancla agregada de gasto historico sin periodo conocido
2025-08-01,S05,19,0.8065,2337.7503,101.2005,105.1922,104.3066,-0.5000,-0.8660,41571.1005,42131.5109,simulado; ancla agregada de gasto historico sin periodo conocido
2025-08-01,S06,19,1.3354,2407.2633,100.8614,101.7015,103.3083,-0.5000,-0.8660,74031.4154,65631.5999,simulado; ancla agregada de gasto historico sin periodo conocido
2025-08-01,S07,19,1.2067,2377.1737,100.7185,99.0631,104.8992,-0.5000,-0.8660,57110.8601,62873.6566,simulado; ancla agregada de gasto historico sin periodo conocido
2025-08-01,S08,19,1.2216,3019.7010,100.0447,100.9713,102.6238,-0.5000,-0.8660,62098.9994,59675.4736,simulado; ancla agregada de gasto historico sin periodo conocido
2025-08-01,S09,19,0.8269,2090.8600,100.0066,100.3271,102.5833,-0.5000,-0.8660,43217.9031,39203.9683,simulado; ancla agregada de gasto historico sin periodo conocido
2025-08-01,S10,19,1.0202,3038.2210,101.0875,100.9761,102.5047,-0.5000,-0.8660,51683.6880,54775.5913,simulado; ancla agregada de gasto historico sin periodo conocido
2025-08-01,S11,19,0.9725,2461.5609,99.4758,101.3920,102.6786,-0.5000,-0.8660,50519.2894,50749.2925,simulado; ancla agregada de gasto historico sin periodo conocido
2025-08-01,S12,19,1.3061,2584.0261,97.5145,97.8098,104.4878,-0.5000,-0.8660,65171.6495,66957.8474,simulado; ancla agregada de gasto historico sin periodo conocido
2025-08-01,S13,19,1.1363,2127.9167,102.4428,103.8065,102.1417,-0.5000,-0.8660,59007.5637,70205.3464,simulado; ancla agregada de gasto historico sin periodo conocido
2025-08-01,S14,19,1.2437,2124.3529,101.3137,99.7781,103.6519,-0.5000,-0.8660,63493.9970,60110.9805,simulado; ancla agregada de gasto historico sin periodo conocido
2025-08-01,S15,19,1.0160,2409.2889,102.6964,99.8467,103.3904,-0.5000,-0.8660,52287.4113,46633.0303,simulado; ancla agregada de gasto historico sin periodo conocido
2025-09-01,S01,20,1.2144,2509.0257,101.9990,100.9191,104.9607,-0.8660,-0.5000,63003.9906,55660.2958,simulado; ancla agregada de gasto historico sin periodo conocido
2025-09-01,S02,20,1.0133,2363.7915,101.9872,101.3105,103.5379,-0.8660,-0.5000,48030.7441,51426.3629,simulado; ancla agregada de gasto historico sin periodo conocido
2025-09-01,S03,20,1.2652,2535.9466,101.5305,94.4769,104.7692,-0.8660,-0.5000,62138.4873,64392.8384,simulado; ancla agregada de gasto historico sin periodo conocido
2025-09-01,S04,20,1.1684,2187.5802,103.2128,103.3816,105.5588,-0.8660,-0.5000,54778.7161,55229.8126,simulado; ancla agregada de gasto historico sin periodo conocido
2025-09-01,S05,20,0.8065,2364.5442,102.1033,97.4480,104.4146,-0.8660,-0.5000,42131.5109,41818.8568,simulado; ancla agregada de gasto historico sin periodo conocido
2025-09-01,S06,20,1.3354,2512.8865,101.5343,105.2348,103.0993,-0.8660,-0.5000,65631.5999,64217.2147,simulado; ancla agregada de gasto historico sin periodo conocido
2025-09-01,S07,20,1.2067,2593.6029,99.3047,96.8691,101.9623,-0.8660,-0.5000,62873.6566,57499.4952,simulado; ancla agregada de gasto historico sin periodo conocido
2025-09-01,S08,20,1.2216,2323.1094,103.1905,98.8754,104.2313,-0.8660,-0.5000,59675.4736,61512.8659,simulado; ancla agregada de gasto historico sin periodo conocido
2025-09-01,S09,20,0.8269,2314.8534,100.7545,100.2940,105.0437,-0.8660,-0.5000,39203.9683,37034.7234,simulado; ancla agregada de gasto historico sin periodo conocido
2025-09-01,S10,20,1.0202,2451.2429,100.0477,105.0375,105.0241,-0.8660,-0.5000,54775.5913,51297.7287,simulado; ancla agregada de gasto historico sin periodo conocido
2025-09-01,S11,20,0.9725,2237.1434,103.2213,99.6877,104.2356,-0.8660,-0.5000,50749.2925,47665.9922,simulado; ancla agregada de gasto historico sin periodo conocido
2025-09-01,S12,20,1.3061,2314.3582,99.8501,97.6066,102.1716,-0.8660,-0.5000,66957.8474,68656.9283,simulado; ancla agregada de gasto historico sin periodo conocido
2025-09-01,S13,20,1.1363,2678.6230,99.0730,102.9746,105.4221,-0.8660,-0.5000,70205.3464,60362.9473,simulado; ancla agregada de gasto historico sin periodo conocido
2025-09-01,S14,20,1.2437,1976.9831,102.4801,97.6093,104.1996,-0.8660,-0.5000,60110.9805,61408.7440,simulado; ancla agregada de gasto historico sin periodo conocido
2025-09-01,S15,20,1.0160,2530.3082,100.5903,97.3892,101.8440,-0.8660,-0.5000,46633.0303,47746.2097,simulado; ancla agregada de gasto historico sin periodo conocido
2025-10-01,S01,21,1.2144,2030.9625,102.9154,99.4901,103.1243,-1.0000,-0.0000,55660.2958,60406.8119,simulado; ancla agregada de gasto historico sin periodo conocido
2025-10-01,S02,21,1.0133,2404.3097,101.8660,102.6973,103.0391,-1.0000,-0.0000,51426.3629,35582.0913,simulado; ancla agregada de gasto historico sin periodo conocido
2025-10-01,S03,21,1.2652,2294.2153,102.8838,98.4987,104.7098,-1.0000,-0.0000,64392.8384,55662.9471,simulado; ancla agregada de gasto historico sin periodo conocido
2025-10-01,S04,21,1.1684,2611.0777,96.6143,98.9919,105.2253,-1.0000,-0.0000,55229.8126,52716.7140,simulado; ancla agregada de gasto historico sin periodo conocido
2025-10-01,S05,21,0.8065,1927.6311,103.9484,95.0755,105.3290,-1.0000,-0.0000,41818.8568,38669.3945,simulado; ancla agregada de gasto historico sin periodo conocido
2025-10-01,S06,21,1.3354,2304.4014,100.2690,103.4387,104.9324,-1.0000,-0.0000,64217.2147,62815.3864,simulado; ancla agregada de gasto historico sin periodo conocido
2025-10-01,S07,21,1.2067,2178.4411,104.4283,96.7897,105.8042,-1.0000,-0.0000,57499.4952,56442.5853,simulado; ancla agregada de gasto historico sin periodo conocido
2025-10-01,S08,21,1.2216,2226.8190,100.6571,97.0161,104.2948,-1.0000,-0.0000,61512.8659,54872.7087,simulado; ancla agregada de gasto historico sin periodo conocido
2025-10-01,S09,21,0.8269,2094.9053,98.8549,98.5835,103.2909,-1.0000,-0.0000,37034.7234,44306.5165,simulado; ancla agregada de gasto historico sin periodo conocido
2025-10-01,S10,21,1.0202,2287.5263,102.5417,95.5108,103.5460,-1.0000,-0.0000,51297.7287,48886.2011,simulado; ancla agregada de gasto historico sin periodo conocido
2025-10-01,S11,21,0.9725,2451.0132,99.9351,99.9809,103.6139,-1.0000,-0.0000,47665.9922,46330.3050,simulado; ancla agregada de gasto historico sin periodo conocido
2025-10-01,S12,21,1.3061,2358.4329,101.6750,98.6368,104.6851,-1.0000,-0.0000,68656.9283,65256.0643,simulado; ancla agregada de gasto historico sin periodo conocido
2025-10-01,S13,21,1.1363,2238.4587,103.5338,100.1325,103.8933,-1.0000,-0.0000,60362.9473,61630.0777,simulado; ancla agregada de gasto historico sin periodo conocido
2025-10-01,S14,21,1.2437,2091.9501,103.4857,95.1605,104.4173,-1.0000,-0.0000,61408.7440,62756.9081,simulado; ancla agregada de gasto historico sin periodo conocido
2025-10-01,S15,21,1.0160,2310.5618,101.0912,100.9331,103.9479,-1.0000,-0.0000,47746.2097,48399.4479,simulado; ancla agregada de gasto historico sin periodo conocido
2025-11-01,S01,22,1.2144,2477.7218,100.8190,98.4612,103.0398,-0.8660,0.5000,60406.8119,62127.8147,simulado; ancla agregada de gasto historico sin periodo conocido
2025-11-01,S02,22,1.0133,2384.5199,103.9373,101.1436,104.7920,-0.8660,0.5000,35582.0913,46360.7517,simulado; ancla agregada de gasto historico sin periodo conocido
2025-11-01,S03,22,1.2652,2342.6897,106.1855,99.5241,103.7341,-0.8660,0.5000,55662.9471,62043.0077,simulado; ancla agregada de gasto historico sin periodo conocido
2025-11-01,S04,22,1.1684,2102.0474,104.2208,100.5974,103.2891,-0.8660,0.5000,52716.7140,58013.2559,simulado; ancla agregada de gasto historico sin periodo conocido
2025-11-01,S05,22,0.8065,1951.9451,105.3989,102.8564,104.3898,-0.8660,0.5000,38669.3945,40832.5636,simulado; ancla agregada de gasto historico sin periodo conocido
2025-11-01,S06,22,1.3354,2488.3995,101.0115,102.6256,104.8766,-0.8660,0.5000,62815.3864,62888.1375,simulado; ancla agregada de gasto historico sin periodo conocido
2025-11-01,S07,22,1.2067,2458.8176,102.0744,96.8796,102.9282,-0.8660,0.5000,56442.5853,53148.6933,simulado; ancla agregada de gasto historico sin periodo conocido
2025-11-01,S08,22,1.2216,2482.9007,101.3395,104.8047,103.9065,-0.8660,0.5000,54872.7087,57385.3206,simulado; ancla agregada de gasto historico sin periodo conocido
2025-11-01,S09,22,0.8269,2265.3498,103.5263,99.4923,105.3966,-0.8660,0.5000,44306.5165,44510.7098,simulado; ancla agregada de gasto historico sin periodo conocido
2025-11-01,S10,22,1.0202,2539.9876,103.3881,106.6293,103.6366,-0.8660,0.5000,48886.2011,47932.6677,simulado; ancla agregada de gasto historico sin periodo conocido
2025-11-01,S11,22,0.9725,2458.4279,103.0963,101.1868,103.2770,-0.8660,0.5000,46330.3050,45646.0263,simulado; ancla agregada de gasto historico sin periodo conocido
2025-11-01,S12,22,1.3061,2734.8895,107.3434,101.9794,104.9831,-0.8660,0.5000,65256.0643,62006.0151,simulado; ancla agregada de gasto historico sin periodo conocido
2025-11-01,S13,22,1.1363,2262.4524,100.2328,96.5390,106.1224,-0.8660,0.5000,61630.0777,59819.7218,simulado; ancla agregada de gasto historico sin periodo conocido
2025-11-01,S14,22,1.2437,2380.7347,101.8888,103.7737,104.3677,-0.8660,0.5000,62756.9081,61280.1723,simulado; ancla agregada de gasto historico sin periodo conocido
2025-11-01,S15,22,1.0160,2259.6417,99.6676,94.9468,104.1384,-0.8660,0.5000,48399.4479,49322.5133,simulado; ancla agregada de gasto historico sin periodo conocido
2025-12-01,S01,23,1.2144,2294.2382,102.2379,101.0813,102.4440,-0.5000,0.8660,62127.8147,63138.0471,simulado; ancla agregada de gasto historico sin periodo conocido
2025-12-01,S02,23,1.0133,2561.8165,100.2234,101.3953,105.6224,-0.5000,0.8660,46360.7517,50880.6490,simulado; ancla agregada de gasto historico sin periodo conocido
2025-12-01,S03,23,1.2652,2499.6246,101.1672,102.3235,104.7951,-0.5000,0.8660,62043.0077,64215.2456,simulado; ancla agregada de gasto historico sin periodo conocido
2025-12-01,S04,23,1.1684,2734.3385,102.4703,103.2741,105.4708,-0.5000,0.8660,58013.2559,55661.7047,simulado; ancla agregada de gasto historico sin periodo conocido
2025-12-01,S05,23,0.8065,2712.8216,102.7620,95.7765,103.8862,-0.5000,0.8660,40832.5636,43675.4315,simulado; ancla agregada de gasto historico sin periodo conocido
2025-12-01,S06,23,1.3354,2525.0332,104.8216,97.7781,103.8018,-0.5000,0.8660,62888.1375,68637.3041,simulado; ancla agregada de gasto historico sin periodo conocido
2025-12-01,S07,23,1.2067,2682.5374,103.9402,101.5157,105.0894,-0.5000,0.8660,53148.6933,60323.3553,simulado; ancla agregada de gasto historico sin periodo conocido
2025-12-01,S08,23,1.2216,2604.4768,102.6872,103.2376,105.1551,-0.5000,0.8660,57385.3206,59362.2955,simulado; ancla agregada de gasto historico sin periodo conocido
2025-12-01,S09,23,0.8269,2398.3218,102.2496,101.4995,106.8065,-0.5000,0.8660,44510.7098,45996.8000,simulado; ancla agregada de gasto historico sin periodo conocido
2025-12-01,S10,23,1.0202,2715.1774,102.4764,107.9335,104.2220,-0.5000,0.8660,47932.6677,49415.3564,simulado; ancla agregada de gasto historico sin periodo conocido
2025-12-01,S11,23,0.9725,2378.9040,102.7481,103.4589,104.9191,-0.5000,0.8660,45646.0263,49129.1259,simulado; ancla agregada de gasto historico sin periodo conocido
2025-12-01,S12,23,1.3061,2549.9524,107.1672,102.1027,103.8805,-0.5000,0.8660,62006.0151,63938.6454,simulado; ancla agregada de gasto historico sin periodo conocido
2025-12-01,S13,23,1.1363,2744.2048,101.6441,101.3021,104.5365,-0.5000,0.8660,59819.7218,57745.9932,simulado; ancla agregada de gasto historico sin periodo conocido
2025-12-01,S14,23,1.2437,2355.2026,102.7037,102.7229,104.9325,-0.5000,0.8660,61280.1723,64634.7872,simulado; ancla agregada de gasto historico sin periodo conocido
2025-12-01,S15,23,1.0160,2314.3749,101.3612,98.0881,105.9012,-0.5000,0.8660,49322.5133,53979.4730,simulado; ancla agregada de gasto historico sin periodo conocido
